CompanyName,ContractLength,MonthsSinceSignup,TotalTransactions,AvgTransactionValue,TotalRevenue,ProductUsageFrequency,SupportTicketsOpened,SupportTicketResolutionTime,EmailOpenRate,AccountManagerCalls,ChurnStatus
Photolist,16,58,56,529.79,439779.21,Daily,42,0.04,0.38,2,0
Tagfeed,5,46,477,598.48,622753.1,Monthly,45,9.11,0.74,8,0
Viva,34,3,191,810.21,575384.08,Weekly,9,12.47,0.09,11,1
Oyope,2,99,260,630.57,584376.68,Weekly,16,16.68,0.68,9,0
Leexo,9,33,465,693.38,427296.22,Daily,25,2.95,0.58,17,1
Divanoodle,13,87,13,995.27,99958.54,Monthly,9,8.78,0.02,7,0
Linklinks,16,32,347,192.84,702651.78,Daily,35,16.52,0.54,17,0
Yamia,26,100,945,40.13,132965.16,Weekly,2,10.14,0.7,6,0
Plajo,30,30,48,435.25,766682.76,Weekly,19,22.17,0.78,11,1
Livetube,28,51,36,558.35,158501.01,Monthly,31,3.08,0.03,9,1
JumpXS,8,117,957,758.38,617561.09,Daily,26,0.79,0.45,18,0
Realcube,20,46,893,660.64,320197.51,Monthly,24,20.81,0.14,8,1
Skiptube,3,23,689,356.13,220332.86,Daily,34,7.59,0.05,14,0
Jabbertype,4,110,580,701.62,863915.02,Monthly,49,8.53,0.11,2,1
Dabshots,12,14,71,87.36,710146.53,Weekly,33,1.62,0.68,20,0
Skinder,32,12,721,212.3,839524.4,Weekly,15,17.77,0.27,20,0
Bluejam,13,37,222,258.71,556055.97,Daily,23,5.35,0.34,18,1
Ooba,22,52,725,445.99,627859.59,Monthly,19,20.78,0.41,18,0
Skibox,3,29,974,967.57,842186.39,Weekly,7,0.08,0.06,2,0
Fadeo,18,78,86,272.28,784999.52,Daily,35,4.03,0.07,11,0
Devify,32,27,664,943.81,70660.15,Daily,28,15.9,0.95,11,1
Topicshots,18,64,860,944.66,826785.11,Daily,35,2.95,0.45,9,0
JumpXS,9,75,582,330.87,348012.03,Daily,37,19.78,0.24,15,1
Feednation,33,12,504,571.47,35688.48,Weekly,41,8.77,0.67,2,1
Twitternation,16,81,805,319.36,488221.74,Daily,36,11.11,0.69,10,0
Divape,2,49,77,787.47,114784.07,Weekly,38,14.39,0.22,17,0
Oyonder,22,6,933,336.28,231756.91,Weekly,33,17.39,0.93,8,1
Eidel,19,48,975,987.49,416173.56,Weekly,2,22.34,0.56,19,1
Bubbletube,11,54,427,385.51,762721.53,Monthly,1,23.45,0.46,10,1
Kazu,21,96,916,49.34,226143.61,Monthly,29,0.38,0.32,4,1
Brainverse,23,37,504,812.09,235890.96,Daily,29,9.79,0.97,6,0
Twinte,3,112,324,293.92,559195.99,Monthly,9,21.21,0.46,3,0
Kayveo,32,78,186,396.12,550789.63,Monthly,38,14.89,0.07,20,0
Centimia,25,92,520,319.39,980049.64,Monthly,6,12.09,0.9,6,0
Photospace,18,52,313,60.19,861636.83,Weekly,13,10.16,0.78,11,1
Blogtags,11,71,335,230.64,987693.85,Daily,49,19.94,0.99,9,1
Voomm,34,70,78,364.01,804712.56,Daily,40,20.12,0.79,13,1
Pixope,32,63,661,480.79,814038.64,Daily,40,0.36,0.76,6,1
Yodel,12,53,779,240.71,271770.95,Monthly,26,8.29,0.91,2,0
Brainlounge,31,56,781,769.18,804067.51,Monthly,50,18.77,0.99,12,1
Jaxnation,35,109,291,284.94,232429.87,Weekly,27,9.92,0.94,20,0
Skiptube,15,32,144,467.66,691239.14,Daily,41,7.9,1.0,12,0
Yakidoo,20,57,570,362.46,145352.86,Daily,3,3.61,0.76,16,0
Pixope,17,50,647,129.64,812211.16,Weekly,31,23.65,0.87,7,0
Avavee,34,59,528,2.95,70166.87,Daily,27,17.92,0.94,15,0
Zoonder,7,52,226,812.25,127688.56,Daily,0,11.9,0.33,13,1
Topicstorm,15,116,438,2.71,46500.09,Daily,41,19.08,0.39,6,1
Thoughtstorm,9,24,99,129.89,121864.31,Monthly,19,12.22,0.44,10,0
Edgetag,1,101,668,582.3,835771.29,Weekly,39,15.16,0.59,1,0
Gabcube,34,53,303,822.94,165490.7,Weekly,34,23.96,0.81,15,0
Twimbo,29,106,490,698.01,371491.83,Weekly,17,20.36,0.92,0,1
Thoughtmix,21,56,213,855.53,339433.77,Daily,42,6.98,0.12,14,0
Eidel,20,48,170,390.56,182370.42,Daily,4,20.33,0.81,6,0
Centimia,7,91,485,543.71,853630.19,Daily,19,4.64,0.16,5,1
LiveZ,12,14,822,690.84,749001.62,Weekly,33,10.3,0.66,16,1
JumpXS,6,19,126,893.86,6061.07,Daily,19,14.34,0.01,16,1
Jaxbean,32,7,260,634.35,341119.83,Daily,23,10.55,0.11,14,1
Trupe,2,111,704,480.8,378207.79,Monthly,35,22.75,0.61,14,0
Jabberbean,6,27,634,581.22,894901.14,Daily,31,21.47,0.22,11,1
Viva,29,45,48,941.9,396181.79,Weekly,50,2.55,0.71,3,0
Photolist,2,35,126,908.67,460491.61,Weekly,28,12.06,0.3,4,0
Dazzlesphere,27,96,140,397.71,120597.94,Monthly,49,14.23,0.9,11,1
Oloo,9,90,546,517.75,625915.96,Monthly,7,23.27,0.3,12,0
Photobug,11,53,935,378.7,315801.25,Monthly,5,15.28,0.68,8,0
Blogtags,26,29,509,934.13,486937.18,Weekly,16,20.22,0.55,11,1
Buzzdog,32,70,166,119.77,24050.84,Weekly,34,21.65,0.57,18,1
Voonder,36,27,506,870.7,195031.78,Weekly,48,9.3,0.65,17,0
Skalith,26,94,684,43.57,147077.82,Weekly,47,20.05,0.02,15,0
Fanoodle,6,99,717,576.01,280404.24,Monthly,28,11.41,0.42,14,1
Muxo,27,42,920,430.09,445108.12,Monthly,23,4.95,0.85,2,0
Ntags,16,80,661,514.1,974305.93,Monthly,34,0.39,0.41,9,1
Voolith,18,32,256,915.73,978001.32,Monthly,17,21.16,0.61,2,0
Yodo,25,93,908,479.62,538298.29,Monthly,43,8.37,0.51,9,0
Fivechat,36,103,984,140.78,617334.72,Weekly,43,1.54,0.71,15,1
Chatterbridge,18,2,394,467.19,405658.83,Weekly,11,9.19,0.41,20,0
Blogpad,5,30,777,284.12,968656.05,Monthly,44,13.6,0.58,19,0
Voomm,7,59,120,40.35,714117.44,Daily,22,13.26,0.31,10,0
Edgetag,27,27,996,764.53,987029.42,Daily,30,20.8,0.19,13,1
Yabox,26,5,397,181.08,392259.83,Daily,7,10.07,0.47,19,0
Rhynyx,30,47,843,924.43,241721.59,Monthly,35,9.88,0.36,10,0
Fivespan,33,73,884,872.03,396264.51,Weekly,16,10.99,0.35,7,1
Eimbee,21,39,486,123.62,16116.03,Weekly,15,5.84,0.65,0,0
Skimia,24,58,59,380.3,983213.32,Weekly,28,19.85,0.03,10,1
Thoughtworks,14,79,930,504.52,525988.21,Weekly,44,4.99,0.49,14,1
Voomm,1,36,421,927.11,726552.43,Monthly,21,4.74,0.16,16,0
JumpXS,24,7,430,438.69,919334.18,Monthly,24,13.72,0.08,1,1
Flashset,22,120,712,55.97,91145.59,Monthly,4,21.03,0.03,6,0
Thoughtworks,26,115,251,87.87,857877.64,Daily,49,21.89,0.44,19,1
Eimbee,14,82,751,758.07,196827.6,Weekly,39,9.12,0.34,12,1
Flipstorm,33,74,99,507.83,356405.41,Daily,8,22.57,1.0,3,0
Skajo,30,11,197,956.59,604101.29,Weekly,9,21.48,0.9,9,0
Leexo,33,14,984,27.47,629595.32,Weekly,6,10.13,0.03,9,0
Kaymbo,10,19,632,902.36,738690.99,Monthly,28,20.36,0.02,13,1
Zooxo,19,53,950,646.72,27444.31,Monthly,7,13.29,0.2,12,1
Teklist,20,58,558,322.8,305244.86,Monthly,46,6.99,0.06,5,0
Roomm,1,111,372,561.47,525202.95,Daily,47,13.95,0.31,0,0
Fivebridge,24,66,140,487.71,950368.25,Weekly,7,12.39,0.78,16,0
Yambee,27,32,334,161.23,220203.77,Daily,6,5.76,0.94,5,0
Yakitri,36,36,390,912.77,148588.9,Daily,29,3.22,0.88,4,0
Youtags,33,102,174,979.4,102610.4,Weekly,30,17.68,0.01,2,0
Roomm,29,98,707,536.86,562470.2,Weekly,15,11.52,0.14,0,0
Zooveo,17,3,641,542.83,567888.03,Monthly,45,14.5,0.55,9,0
Photobean,34,25,440,86.75,600819.62,Daily,31,10.51,0.44,10,1
Lazzy,4,103,508,141.19,560544.21,Weekly,45,0.85,0.11,17,0
Tagcat,16,19,489,746.97,49160.51,Monthly,19,16.24,0.71,1,0
Jazzy,18,9,253,622.52,940292.74,Daily,21,14.96,0.9,5,0
Babbleopia,31,96,414,652.98,453542.43,Weekly,16,18.97,0.13,6,1
Zooveo,29,94,508,174.2,84747.83,Weekly,1,8.62,0.13,15,1
Yodel,14,29,648,407.18,379597.46,Weekly,33,23.01,0.86,18,1
Yakidoo,30,77,753,35.79,160424.85,Weekly,37,18.78,0.96,14,1
Minyx,34,101,276,579.43,955145.94,Weekly,19,7.93,0.58,0,0
Oyoloo,16,34,374,268.01,776293.17,Monthly,42,7.41,0.24,3,0
Muxo,5,66,668,795.67,257857.19,Monthly,41,16.24,0.5,8,1
Fatz,26,39,460,77.25,319574.73,Daily,34,20.7,0.46,7,0
Divanoodle,5,68,48,839.17,946451.99,Weekly,48,20.51,0.35,13,0
Edgeify,9,118,463,5.08,639866.19,Weekly,29,2.73,0.17,10,1
Jetpulse,34,43,934,602.54,515918.67,Daily,0,20.35,0.33,12,0
Shuffletag,13,47,114,793.72,808662.9,Monthly,23,10.2,0.22,18,0
Thoughtstorm,1,19,310,423.9,633417.99,Daily,25,3.96,0.9,1,1
Zoonder,23,118,359,370.77,880999.81,Monthly,40,12.37,0.63,2,0
Topicshots,6,91,827,964.14,349914.93,Monthly,23,22.42,0.32,11,0
Quaxo,28,114,209,578.31,843720.27,Weekly,37,13.84,0.89,3,0
Vinte,15,96,322,506.8,382361.67,Daily,2,10.85,0.54,7,1
Jaloo,21,91,285,424.45,348985.8,Monthly,24,1.82,0.76,7,1
Gabtype,22,47,266,950.85,788487.76,Daily,7,19.16,0.98,14,0
Jayo,29,27,308,892.98,105429.44,Weekly,14,13.26,0.88,1,1
Jabbersphere,25,55,169,788.06,733502.97,Weekly,30,4.39,0.97,19,1
Cogibox,28,24,603,86.59,474209.56,Monthly,24,21.73,0.72,14,1
Skyba,25,55,679,81.39,900014.44,Weekly,1,1.35,0.32,19,1
Blognation,23,9,837,105.08,45171.1,Daily,7,7.94,0.43,8,0
Reallinks,24,8,311,36.42,380809.21,Daily,14,5.5,0.2,0,1
Ainyx,15,1,603,494.3,272534.76,Weekly,21,2.11,0.84,1,1
Photospace,22,11,11,948.87,325139.08,Weekly,35,12.47,0.8,16,0
Wikizz,22,32,492,772.53,261870.58,Monthly,5,22.87,0.02,7,1
Jamia,23,28,813,372.06,759287.75,Monthly,10,6.71,0.71,19,0
Riffpath,15,57,114,61.43,537717.58,Monthly,11,22.97,0.53,18,0
Twimm,20,99,26,941.82,405251.55,Monthly,37,5.55,0.58,18,1
Meedoo,20,17,804,118.56,290701.75,Daily,46,16.88,0.17,20,0
Voomm,13,44,956,760.82,22423.91,Daily,40,4.6,0.35,14,1
Feedfire,21,80,459,726.3,408143.11,Weekly,13,1.81,0.07,11,0
Chatterpoint,18,120,499,195.69,232628.73,Daily,3,1.91,0.8,7,0
Avamm,11,1,859,429.65,983274.29,Weekly,9,7.69,0.56,20,1
Dynazzy,36,67,748,161.75,267134.79,Daily,8,6.13,0.03,10,1
Shuffledrive,4,119,636,354.46,719201.03,Weekly,37,10.68,0.05,4,0
Flashpoint,3,96,626,580.94,689399.17,Monthly,30,10.0,0.09,7,0
Tagopia,28,16,962,674.67,209836.11,Daily,2,7.51,0.84,1,0
Dabtype,9,31,250,109.17,823240.03,Weekly,46,20.6,0.79,13,0
Brainlounge,35,53,457,234.74,463194.91,Weekly,20,21.41,0.63,5,1
Midel,22,65,297,983.72,830715.14,Daily,31,0.28,0.04,15,1
Photofeed,28,96,798,183.02,286496.3,Monthly,40,21.82,0.5,6,0
Kare,31,103,329,12.74,615772.12,Daily,20,23.35,0.23,3,0
Cogibox,16,7,561,472.56,682318.36,Weekly,4,16.3,0.15,1,0
Edgeblab,2,120,214,154.33,213806.73,Weekly,50,16.59,0.28,15,1
Aimbo,5,53,488,141.15,141294.67,Daily,25,21.09,0.61,14,0
Yombu,36,45,650,834.63,56668.24,Monthly,34,3.65,0.67,19,0
Kazio,14,99,203,433.65,333624.11,Weekly,49,10.7,0.53,1,0
Browsecat,34,63,905,614.92,402387.38,Daily,0,10.6,0.98,0,1
Edgeblab,30,114,740,768.93,478492.06,Monthly,11,12.26,0.28,7,0
Rhyloo,6,111,345,149.73,193298.09,Weekly,43,5.94,0.17,0,0
Twitterlist,26,19,435,893.69,71804.89,Daily,45,2.09,0.52,15,0
Blogtag,23,54,671,487.12,806463.04,Weekly,33,20.83,0.47,17,0
Skynoodle,12,80,915,52.82,494910.24,Daily,17,8.69,0.04,5,1
Mydeo,6,76,805,515.96,662322.18,Weekly,20,14.08,0.84,20,1
Skyble,19,6,965,627.35,292065.97,Monthly,47,8.69,0.96,9,0
Zoomzone,6,22,935,896.05,477119.49,Daily,22,1.82,0.6,12,1
Babbleopia,26,21,476,162.89,251694.94,Weekly,10,22.22,0.06,19,1
Aimbu,5,91,881,401.31,905492.07,Weekly,32,6.39,0.03,17,0
Centidel,30,8,984,870.56,888744.48,Weekly,24,1.72,0.28,10,0
Yakidoo,13,33,269,350.15,680728.77,Daily,35,13.59,0.71,16,1
Trudeo,5,25,188,971.23,56629.25,Weekly,36,1.7,0.25,13,0
Eazzy,2,96,981,292.4,541841.0,Monthly,34,13.6,0.91,14,0
Browsecat,12,78,768,291.95,963170.31,Weekly,49,15.86,0.14,1,1
Chatterpoint,9,19,490,52.2,809600.27,Monthly,21,20.45,0.25,7,0
Yambee,16,38,133,348.39,537207.82,Monthly,1,16.86,0.48,3,0
Dazzlesphere,8,52,124,751.45,717551.84,Weekly,33,19.22,0.61,14,0
Trilia,26,47,498,694.27,618982.16,Weekly,45,15.84,0.34,2,1
Mydeo,14,77,533,982.38,361786.35,Monthly,25,18.62,0.52,19,1
Divanoodle,15,8,785,636.89,139601.02,Monthly,39,21.95,0.62,7,0
Yata,9,111,640,139.89,364510.48,Weekly,10,9.46,0.87,10,0
Geba,33,51,999,407.29,495748.87,Monthly,39,3.92,0.34,9,0
Feedspan,18,90,190,594.4,843753.98,Weekly,36,15.81,0.75,4,1
Skinix,30,32,224,553.84,525620.25,Daily,9,23.29,0.89,4,1
Flipopia,5,80,998,607.3,618460.43,Monthly,38,11.06,0.38,1,0
Pixoboo,32,119,902,266.71,418154.84,Daily,16,12.43,0.07,0,0
Dabvine,31,113,704,257.22,728235.96,Weekly,11,19.29,0.94,0,0
Einti,10,64,447,574.92,641824.7,Weekly,36,12.36,0.97,5,0
Jamia,28,31,117,335.08,484775.74,Monthly,18,22.15,0.33,17,0
Youspan,19,68,663,373.19,298710.29,Monthly,9,21.24,0.14,16,1
Twitterbeat,26,8,995,171.87,899243.62,Monthly,9,15.5,0.37,12,1
Jaxnation,1,78,808,531.16,497505.65,Daily,39,18.63,0.32,6,0
Twitternation,28,48,938,57.41,374504.33,Weekly,44,21.61,0.04,4,0
Brainsphere,8,20,228,723.66,315347.27,Monthly,12,3.77,0.64,6,1
Feednation,29,28,26,560.09,159651.99,Daily,25,7.58,0.07,5,1
Skinte,9,53,222,479.12,600974.12,Daily,4,20.91,0.81,10,1
Jaxbean,26,21,766,307.28,58504.38,Weekly,3,8.12,0.11,13,0
Jaxnation,17,110,253,383.44,737612.29,Weekly,2,11.57,0.94,20,0
Edgeify,18,115,751,456.74,712824.91,Weekly,38,3.57,0.95,11,1
Youfeed,34,111,108,827.57,657068.28,Daily,48,0.79,0.45,9,0
Jabbertype,9,68,803,774.65,57490.48,Daily,29,4.7,0.48,0,0
Yambee,19,100,935,946.96,331716.22,Monthly,25,14.87,0.11,3,0
Quaxo,2,118,247,824.74,656854.22,Weekly,25,1.8,0.65,6,1
Thoughtbeat,14,31,956,926.15,443.48,Daily,14,10.11,0.73,18,1
Eayo,11,75,851,467.88,697473.85,Monthly,29,15.81,0.27,7,0
Yoveo,7,108,630,988.38,884785.0,Monthly,26,21.73,0.2,12,0
Buzzster,13,71,199,158.13,356701.24,Monthly,2,23.86,0.95,9,1
Camimbo,27,25,443,988.94,785984.5,Daily,33,6.98,0.36,3,0
Bubblemix,26,71,47,639.29,684651.49,Weekly,12,12.57,0.41,8,1
Roomm,22,75,920,607.42,340017.86,Daily,34,17.52,0.56,8,0
Voolia,19,82,363,48.73,534854.84,Daily,7,20.56,0.41,3,0
Browsezoom,12,116,183,109.4,727308.89,Weekly,27,2.85,0.59,20,0
Yadel,20,16,824,932.08,817830.5,Monthly,0,18.0,0.24,15,1
Voonte,17,29,357,197.89,598740.42,Monthly,44,23.45,0.57,17,1
Camimbo,20,82,867,747.49,758070.94,Daily,26,23.55,0.75,0,1
Kwinu,11,109,793,69.35,941196.91,Daily,41,16.84,0.25,12,0
Babbleblab,29,12,480,625.06,963467.04,Monthly,25,22.31,0.08,1,0
Kazu,1,34,49,938.34,900607.57,Monthly,43,1.43,0.51,11,1
Skinix,3,8,165,804.37,223716.96,Daily,9,12.18,0.45,16,1
Brightbean,8,92,876,970.17,387511.79,Monthly,11,8.81,0.41,20,0
Realbridge,13,106,167,28.59,686162.31,Daily,33,17.74,0.52,7,1
Realbridge,35,70,471,397.87,384724.67,Daily,42,15.76,0.9,2,0
Skinte,30,86,661,759.3,92353.51,Weekly,45,19.39,0.05,13,1
Realcube,29,10,879,363.82,40955.96,Weekly,37,13.26,0.83,7,1
Cogibox,15,69,982,664.63,886717.46,Daily,7,9.77,0.65,18,0
Dynabox,1,73,771,241.68,31842.35,Daily,28,8.52,0.44,10,1
Photobug,13,47,245,566.83,426712.17,Weekly,2,6.59,0.42,12,0
Thoughtworks,18,109,222,234.86,636657.41,Monthly,29,12.04,0.55,12,0
Jaxworks,6,65,832,568.6,695359.46,Weekly,11,4.54,0.82,15,1
Bubblebox,6,91,805,527.57,662365.67,Monthly,27,17.96,0.51,2,0
Dabfeed,11,57,31,654.29,492858.76,Monthly,32,20.89,0.93,7,0
Quamba,32,98,31,152.15,626224.88,Monthly,18,20.63,0.8,4,1
Thoughtmix,6,27,251,518.25,687899.05,Daily,50,18.95,0.16,18,1
Twitterworks,23,106,595,80.6,401070.55,Daily,15,13.03,0.28,13,0
JumpXS,2,44,765,269.7,328999.12,Weekly,2,11.58,0.02,0,0
Oyoba,8,86,87,959.53,351953.89,Daily,35,20.81,0.98,8,1
Thoughtbridge,31,89,23,808.17,884392.08,Monthly,16,21.81,0.43,3,1
Jabbertype,34,48,919,880.62,149205.24,Weekly,26,12.94,0.4,1,0
Eayo,9,26,636,141.55,546421.49,Daily,26,13.78,0.26,1,1
Thoughtbridge,32,19,624,867.21,65137.9,Daily,31,3.85,0.8,7,1
Yambee,35,20,671,296.23,238167.08,Monthly,21,20.6,0.87,14,1
Mycat,19,28,202,470.91,13666.77,Monthly,10,9.11,0.94,3,0
Oyondu,18,85,360,578.03,296990.7,Daily,30,0.08,0.29,5,1
Dabfeed,6,27,251,97.11,920005.01,Monthly,17,9.64,0.33,2,1
Skynoodle,9,69,162,571.24,998010.42,Daily,22,12.05,0.4,11,0
Eidel,15,46,898,918.55,169941.24,Monthly,36,6.97,0.69,12,1
Kimia,3,3,34,66.71,597446.55,Weekly,20,14.27,0.04,16,0
Dynazzy,12,1,589,350.08,172570.11,Monthly,35,11.02,0.54,16,0
Pixope,11,88,417,128.2,493853.88,Weekly,27,0.87,0.15,0,0
Leenti,20,25,826,438.45,356949.97,Daily,1,5.62,0.55,12,1
Rhybox,27,38,770,763.97,679038.45,Weekly,9,11.02,0.19,9,0
Nlounge,12,111,527,945.81,398472.62,Daily,33,23.13,0.31,16,0
Kazio,15,79,361,795.6,537417.2,Weekly,18,3.36,0.19,5,0
Feednation,30,74,90,686.09,792289.31,Daily,8,19.94,0.95,17,0
Realblab,5,107,196,690.46,873405.6,Monthly,0,14.12,0.44,16,0
Brainbox,29,24,561,93.68,884117.84,Monthly,20,0.67,0.88,6,0
Aimbu,28,57,332,3.29,624895.83,Monthly,22,11.58,0.54,15,0
Jabbersphere,31,3,214,375.55,245124.45,Weekly,24,16.79,0.31,11,1
Roomm,36,101,4,402.09,274869.65,Daily,31,12.71,0.24,9,0
Photobug,31,91,978,695.38,190672.21,Weekly,17,13.17,0.01,19,0
Voonyx,16,59,161,514.47,975486.94,Monthly,38,19.09,0.33,9,1
Realbridge,33,37,506,812.99,681333.45,Weekly,23,1.44,0.54,14,1
JumpXS,30,16,544,566.41,76961.96,Weekly,11,14.58,0.13,10,0
Jabberstorm,5,68,135,63.83,2764.28,Daily,47,4.89,0.93,9,1
Wordtune,31,6,463,833.85,66271.76,Weekly,38,3.68,0.11,7,0
Teklist,23,46,133,112.17,6732.14,Weekly,38,0.15,0.54,9,0
Pixonyx,9,119,79,82.28,542257.9,Weekly,20,0.91,0.55,5,1
Skimia,5,29,198,558.1,447698.32,Monthly,47,13.13,0.24,18,0
Feedspan,19,7,937,814.2,158758.29,Monthly,26,6.43,0.45,14,1
Avaveo,11,15,996,344.35,823297.45,Daily,41,2.17,0.15,13,1
Browsebug,8,119,965,325.32,365018.07,Daily,35,4.65,0.58,10,1
Jazzy,14,1,84,218.85,964416.44,Weekly,9,6.99,0.61,1,0
Mita,3,55,726,44.57,287130.76,Monthly,26,23.82,0.06,19,0
Tagcat,28,18,277,687.9,733432.99,Daily,41,10.39,0.61,6,0
Izio,11,51,944,801.43,21065.32,Daily,7,3.41,0.27,12,0
Katz,28,27,691,15.4,68231.37,Weekly,23,9.26,0.51,13,0
Roodel,1,119,301,618.64,744634.92,Monthly,33,0.48,0.39,3,0
Skidoo,8,72,610,933.05,427378.18,Daily,28,8.0,0.62,2,0
Yoveo,26,8,401,80.54,645767.84,Daily,8,17.51,0.25,11,0
Trilith,27,31,739,19.92,293062.23,Weekly,32,8.83,0.01,2,1
Leenti,12,38,969,83.11,968750.27,Daily,35,13.44,0.08,2,0
Edgeblab,8,92,110,183.4,476475.43,Monthly,36,9.15,0.63,16,1
Twitternation,14,81,942,118.75,981027.5,Daily,25,3.98,0.55,20,1
Edgeclub,3,110,383,82.44,783194.79,Weekly,44,21.86,0.67,7,0
Trunyx,33,51,246,393.1,459529.85,Daily,15,13.74,0.73,8,1
Eadel,22,37,35,284.87,373846.23,Weekly,21,17.79,0.98,16,1
Skalith,25,100,27,508.01,649374.29,Monthly,30,16.37,0.3,18,1
Myworks,7,31,270,895.99,784666.92,Monthly,15,15.56,0.64,13,0
Twitterworks,5,43,571,789.79,677443.34,Weekly,11,20.07,0.95,5,0
Latz,18,107,220,153.88,727620.3,Weekly,36,8.94,0.47,4,0
Plambee,21,85,582,63.77,2549.06,Weekly,37,19.84,0.81,0,0
Fivebridge,24,47,317,607.21,68328.56,Monthly,44,8.38,0.84,15,0
Devpoint,19,17,951,445.57,248527.4,Weekly,22,23.38,0.04,20,1
Lazzy,22,114,442,240.16,796546.31,Weekly,50,18.17,0.59,8,0
Talane,25,120,124,368.84,498476.75,Monthly,16,1.26,0.08,6,0
Centidel,23,84,274,676.2,298481.06,Weekly,16,18.37,0.15,14,0
Photobean,22,18,212,696.53,269587.76,Daily,27,16.88,0.99,8,0
Snaptags,6,99,193,107.68,165044.31,Weekly,38,19.85,0.21,19,0
Eayo,9,0,820,197.7,23753.25,Weekly,33,20.38,0.56,12,1
Ooba,28,80,793,784.72,610473.46,Monthly,32,9.55,0.3,4,0
Fivebridge,5,93,974,806.56,167688.14,Monthly,36,17.97,0.5,16,1
Muxo,20,78,629,400.28,301917.37,Daily,4,8.8,0.14,6,1
Yambee,7,108,346,151.55,48376.05,Daily,6,8.81,0.05,10,1
Eayo,32,30,583,229.98,849976.02,Daily,32,2.61,0.04,6,1
Yacero,10,76,885,819.32,658354.21,Monthly,13,18.59,0.26,17,1
Meevee,36,55,709,747.88,21452.65,Monthly,34,12.31,0.29,6,0
Skidoo,1,23,396,38.13,525789.33,Monthly,19,17.52,0.05,6,1
Skippad,8,14,892,391.19,537615.71,Weekly,26,1.54,0.06,1,0
Jabbersphere,27,116,17,835.2,996184.71,Daily,28,12.97,0.26,1,1
Photojam,1,62,786,985.22,583362.14,Daily,39,22.95,0.22,12,0
Wordware,7,1,857,362.81,736142.35,Daily,49,18.72,0.13,10,0
Skalith,28,117,93,544.03,673122.12,Monthly,47,6.17,0.94,11,1
Roombo,36,38,654,954.46,295619.97,Daily,24,19.69,0.78,13,1
Thoughtstorm,22,107,914,636.91,247081.76,Daily,21,0.94,0.42,10,1
Blognation,8,99,858,432.73,827678.58,Daily,15,3.98,0.05,18,1
Minyx,11,68,727,331.11,769616.34,Monthly,18,1.48,0.96,3,0
Browsecat,22,68,490,728.29,285219.81,Weekly,44,1.47,0.92,14,0
Eimbee,9,28,398,415.71,595554.5,Monthly,2,17.73,0.68,6,0
Skalith,7,117,5,569.32,892513.23,Weekly,38,22.58,0.55,11,1
Wikibox,10,28,794,838.17,969847.32,Monthly,40,10.72,0.66,19,0
Layo,12,58,722,470.33,405925.29,Weekly,44,23.79,0.42,2,0
Shuffledrive,19,40,592,429.49,921862.79,Weekly,3,12.34,0.96,11,0
Quire,10,82,886,428.06,185551.29,Monthly,48,6.66,0.89,6,0
Tavu,34,54,497,691.21,710907.64,Weekly,24,7.33,0.79,6,1
Vimbo,10,80,374,927.66,729112.84,Weekly,15,15.62,0.48,20,0
Topiczoom,13,94,372,176.57,634401.82,Daily,45,18.92,0.51,12,0
Voonix,12,51,839,861.69,266623.66,Weekly,9,14.19,0.45,9,0
Voonyx,21,11,327,487.95,365970.5,Daily,49,18.92,0.34,0,0
Skipstorm,17,111,567,580.44,326684.42,Daily,4,8.77,0.07,4,1
Livetube,31,114,264,324.46,699279.94,Monthly,8,23.87,0.38,11,0
Photolist,12,29,716,21.07,804340.15,Monthly,2,9.0,0.91,10,1
Skalith,2,78,364,214.96,917007.88,Weekly,6,0.75,0.56,1,1
Reallinks,34,88,901,832.26,469041.04,Daily,7,20.58,0.1,4,0
Browsebug,20,76,367,567.28,38525.81,Weekly,42,20.62,0.32,12,1
InnoZ,32,88,216,408.91,881068.54,Daily,47,21.49,0.51,13,0
Shuffletag,2,86,756,480.15,670725.8,Weekly,17,5.83,0.59,6,0
Topicshots,35,99,592,321.39,66422.03,Daily,34,21.27,0.84,4,0
Realbuzz,27,65,244,665.97,168145.86,Daily,50,1.55,0.86,18,0
Geba,31,21,353,855.32,592546.12,Daily,6,17.74,0.72,5,1
Yodel,16,110,157,850.93,908953.26,Daily,25,6.41,0.91,14,0
Wordify,22,62,856,815.82,83742.83,Monthly,8,16.42,0.56,15,1
Jaxworks,11,2,55,837.9,242229.04,Daily,9,1.92,0.78,6,1
Skalith,4,58,862,129.91,356075.95,Weekly,32,20.92,0.65,17,0
Browsetype,25,67,141,549.46,724137.61,Monthly,31,13.31,0.91,4,1
Zoomzone,12,99,599,950.24,166416.13,Weekly,18,16.42,0.71,11,1
Zoomcast,7,75,218,570.67,173735.85,Weekly,36,14.11,0.48,18,0
Wordware,32,102,449,565.1,296773.34,Weekly,16,4.96,0.7,0,1
Skalith,21,118,982,723.2,766492.39,Weekly,47,12.74,0.03,17,0
Kwimbee,28,52,371,394.34,604418.24,Weekly,23,19.11,0.91,14,0
Jaxnation,12,93,490,552.96,270625.4,Daily,46,23.39,0.19,5,0
Zoonoodle,11,45,272,77.69,441036.28,Daily,6,15.67,0.69,16,0
Npath,13,64,116,489.18,260705.24,Weekly,1,13.3,0.36,13,1
Geba,27,6,673,369.34,485831.28,Daily,36,19.74,0.85,13,1
Avamba,18,11,506,419.05,599574.16,Weekly,25,0.9,0.67,12,1
Zoomzone,9,16,972,73.86,218148.77,Daily,22,7.98,0.43,9,1
Centizu,32,64,328,845.55,786664.81,Monthly,26,21.02,0.89,8,0
Dazzlesphere,34,38,652,9.21,404315.6,Weekly,33,9.97,0.82,8,0
Voonte,15,40,594,941.34,646338.13,Weekly,35,1.28,0.14,3,0
Babbleset,17,111,559,506.18,454131.5,Monthly,31,21.9,0.3,5,0
Feedfire,20,66,437,151.36,75027.23,Monthly,20,15.52,0.01,15,1
Mydo,30,62,178,509.93,812372.08,Monthly,24,2.8,0.67,20,1
Myworks,16,0,625,503.63,719168.37,Weekly,3,19.66,0.79,11,0
Roodel,8,58,112,103.12,663121.47,Monthly,17,10.95,0.64,11,1
Ozu,35,105,211,447.86,758970.5,Monthly,13,2.62,0.83,14,1
Leexo,19,97,996,740.02,411760.98,Daily,32,1.29,0.22,11,1
Vinte,24,66,688,684.23,54423.29,Daily,14,17.73,0.98,3,1
Oyonder,22,72,361,699.3,538580.29,Monthly,48,7.17,0.8,8,1
Kwilith,19,80,607,146.29,15274.48,Daily,45,8.58,0.4,13,0
Blognation,7,82,739,270.67,791713.63,Monthly,5,2.06,0.52,7,1
Zoonder,3,84,308,371.9,299800.89,Daily,3,14.27,0.73,7,0
Realbuzz,34,7,200,29.41,783358.88,Daily,6,9.09,0.42,15,1
Skipfire,29,119,303,503.13,492923.2,Daily,25,20.84,0.38,14,0
Wikido,19,40,915,476.64,868669.74,Daily,16,0.62,0.65,3,1
Youspan,30,3,511,824.2,80377.45,Weekly,45,14.73,0.15,0,1
Thoughtstorm,33,16,425,380.1,584346.42,Daily,25,20.53,0.41,14,0
Edgeblab,4,106,468,509.14,83546.61,Monthly,42,19.72,0.86,8,1
Skimia,20,82,389,767.4,281901.12,Weekly,15,1.01,0.39,14,0
Meedoo,3,45,878,253.36,504849.22,Monthly,20,16.79,0.9,10,1
Mydo,2,49,57,347.74,120321.55,Daily,8,7.65,0.62,10,0
Linkbuzz,8,86,388,442.19,809224.09,Daily,49,22.84,0.47,4,1
Trunyx,7,66,536,844.93,105864.97,Monthly,3,1.15,0.03,16,1
Avaveo,13,57,212,862.74,574659.52,Monthly,47,5.96,0.17,12,1
Blogtags,26,78,766,480.64,862000.87,Weekly,40,14.75,0.67,6,1
Fiveclub,33,25,303,918.79,946373.05,Monthly,13,11.19,0.72,7,1
Rhyzio,22,111,747,692.29,776130.05,Daily,42,6.57,0.03,6,0
Browsedrive,10,109,197,445.04,337529.02,Daily,30,8.39,0.15,11,0
Skynoodle,31,28,913,988.27,706065.51,Weekly,26,12.65,0.65,10,0
Oyoyo,14,107,743,891.68,592704.61,Weekly,41,10.86,0.67,17,1
Eire,28,117,167,74.44,987530.57,Weekly,35,4.08,0.37,10,1
Podcat,30,18,779,401.9,8588.06,Weekly,3,17.27,0.92,1,0
Linktype,33,40,570,6.67,82595.05,Daily,17,18.61,0.22,6,1
Reallinks,26,110,708,399.55,334527.36,Weekly,14,20.23,0.02,1,0
Voolith,14,35,350,178.08,430220.26,Daily,43,10.76,0.67,19,0
Mybuzz,18,3,108,142.62,298739.22,Weekly,3,3.95,0.62,10,1
Realblab,7,103,695,342.47,143180.64,Weekly,27,22.87,0.51,19,1
Voonyx,16,63,758,941.79,609299.36,Monthly,36,17.0,0.87,2,0
Ntag,24,100,781,633.67,638525.46,Weekly,21,11.54,0.64,11,1
Zoombeat,30,108,132,457.64,251812.91,Daily,48,10.26,0.53,2,0
Dynabox,28,34,952,33.87,672576.49,Monthly,12,11.56,0.54,18,0
Shufflester,10,36,417,525.59,897173.68,Monthly,41,17.23,0.4,9,1
Tagpad,23,85,688,282.35,368268.81,Monthly,27,15.45,0.9,20,0
Livefish,18,110,639,951.14,763262.94,Daily,28,20.84,0.63,3,0
Skimia,9,49,138,949.74,767989.72,Weekly,43,10.82,0.91,0,1
Blogpad,3,40,796,239.8,871616.73,Daily,39,6.7,0.41,20,1
Twitterwire,29,92,865,428.14,557514.9,Daily,16,17.25,0.98,19,1
Skimia,2,87,401,566.78,769515.0,Monthly,40,20.18,0.72,16,1
Centidel,29,25,465,172.13,413366.31,Weekly,21,15.96,0.56,14,0
Rhycero,18,94,371,760.19,397096.22,Daily,0,5.96,0.86,4,1
Eamia,11,44,888,474.49,142957.48,Daily,27,3.01,0.91,3,1
Skipfire,9,92,732,808.31,63655.1,Monthly,26,3.53,0.28,18,0
Browsezoom,4,5,926,792.47,786342.87,Monthly,34,1.57,0.25,15,0
Ozu,12,0,799,586.7,176990.71,Weekly,3,11.43,0.14,3,0
Zoombox,26,95,752,416.42,916892.75,Weekly,4,21.22,0.37,10,0
JumpXS,1,59,588,234.0,748485.76,Weekly,26,18.56,0.39,20,1
Meevee,15,76,589,272.73,427364.91,Monthly,40,13.27,0.35,19,0
Mycat,12,7,861,499.09,102493.92,Daily,23,16.5,0.78,10,0
Trilia,24,108,19,678.95,608065.06,Monthly,27,17.65,0.37,14,0
Jaxworks,32,99,818,361.05,424694.79,Weekly,48,10.44,0.74,10,1
Minyx,6,71,748,202.7,949798.78,Monthly,17,13.54,0.38,2,0
Thoughtsphere,3,71,557,809.4,568472.74,Daily,15,9.55,0.48,14,0
Realfire,32,5,602,764.5,105166.09,Monthly,43,21.91,0.55,12,1
Meeveo,18,22,17,720.25,638305.86,Weekly,43,2.37,0.48,2,1
Rhybox,2,59,85,367.44,992906.08,Daily,21,0.61,0.97,13,1
Quinu,33,36,447,210.11,925899.4,Weekly,10,1.19,1.0,7,1
Brainlounge,35,106,923,239.52,902841.53,Daily,43,17.33,0.49,2,0
Brainlounge,27,107,748,939.83,763346.78,Weekly,48,0.78,0.85,5,0
Dazzlesphere,35,22,418,216.97,105647.86,Monthly,41,20.49,0.89,14,1
Voolith,24,11,338,130.56,482774.11,Weekly,43,10.21,0.82,11,1
Skynoodle,35,94,411,621.98,571404.65,Monthly,49,14.66,0.96,0,1
Yombu,32,98,661,803.17,548827.01,Daily,5,6.19,0.49,2,1
Twitterworks,32,102,531,179.48,550765.12,Monthly,0,12.73,0.25,5,1
Trupe,9,67,466,419.26,887724.29,Monthly,28,20.96,0.75,7,1
Voomm,7,92,19,241.91,956195.52,Monthly,36,3.23,0.92,2,1
Roombo,16,106,477,965.08,617547.09,Weekly,18,19.38,0.75,19,1
Livefish,10,65,553,515.41,739497.08,Monthly,0,16.09,0.9,1,1
Jabbersphere,7,17,31,625.07,899133.6,Weekly,31,8.71,0.25,15,0
Meedoo,20,114,946,355.93,636827.43,Monthly,6,12.72,0.53,20,1
Kwideo,4,19,910,669.96,367668.74,Monthly,49,11.32,0.44,17,0
Blogspan,17,69,996,270.56,817644.01,Weekly,38,14.55,0.81,16,0
Wikivu,1,113,980,236.47,604031.18,Monthly,22,9.41,0.14,20,1
Pixoboo,27,80,692,96.3,28509.02,Monthly,25,23.51,0.42,0,1
Edgepulse,8,66,475,426.03,513295.64,Monthly,39,9.25,0.85,17,1
Babblestorm,18,3,264,345.1,49041.5,Daily,28,5.2,0.89,18,0
Jaxspan,2,71,334,518.51,924652.52,Daily,27,12.03,0.63,2,1
Shuffledrive,10,69,620,645.97,903479.92,Daily,17,11.76,0.08,1,0
Quimm,22,92,244,431.54,947349.98,Daily,3,12.92,0.58,3,0
Jaxbean,28,78,340,880.59,319078.23,Daily,44,17.54,0.6,5,0
Devpoint,21,120,872,135.49,455950.08,Daily,28,4.77,0.75,13,1
Cogidoo,3,62,999,845.83,957337.95,Weekly,3,19.78,0.52,9,0
Chatterpoint,26,100,414,202.3,654723.48,Monthly,34,2.06,0.6,16,1
Plajo,30,114,92,840.77,888524.04,Monthly,29,8.44,0.98,14,1
Centidel,29,28,642,555.79,126031.73,Daily,36,17.66,0.21,15,1
Dabshots,17,60,58,123.03,333343.37,Weekly,14,6.57,0.53,1,1
Kwideo,18,76,602,746.65,636837.02,Daily,42,18.48,0.86,2,0
Topiczoom,19,63,378,471.34,456540.39,Weekly,32,23.53,0.51,2,0
Buzzster,15,96,111,839.33,186224.72,Monthly,5,15.26,0.93,13,1
Flipbug,13,77,289,108.35,376552.08,Weekly,17,0.49,0.19,19,1
Devcast,29,17,533,253.16,510380.47,Daily,14,2.73,0.42,17,0
Divape,11,107,351,367.23,121422.81,Daily,25,20.04,0.24,17,1
Blogtags,23,6,260,473.17,757451.7,Monthly,35,2.96,0.93,7,0
Bubbletube,21,10,621,84.63,585909.02,Weekly,19,2.71,0.99,9,0
Skalith,13,115,407,712.02,92254.53,Monthly,31,8.25,0.24,1,1
Yodo,10,88,952,525.28,688813.65,Daily,13,19.8,0.37,5,1
Topiclounge,20,2,145,610.61,232493.51,Monthly,25,13.15,0.9,3,1
Photofeed,25,68,310,220.63,148597.49,Monthly,20,0.03,0.43,13,0
Flashdog,24,47,429,21.14,282248.43,Monthly,30,16.6,0.15,1,0
Browsecat,16,44,742,347.47,582219.8,Monthly,18,14.1,0.38,1,1
Voolith,18,67,949,828.52,175897.92,Daily,48,5.79,0.13,3,0
Vinte,30,91,766,714.26,207005.06,Weekly,21,7.73,0.6,10,0
Podcat,30,21,614,674.76,19399.51,Monthly,16,13.47,0.35,5,1
Browsedrive,4,54,281,30.68,240393.74,Daily,10,16.64,0.58,20,0
Skiptube,25,12,699,817.32,89469.66,Daily,38,23.78,0.94,3,1
Aimbu,35,4,284,356.78,910125.97,Monthly,37,7.87,0.72,2,1
Browsedrive,19,15,533,575.42,904081.78,Monthly,28,12.53,0.75,20,1
Feednation,10,19,913,532.2,520556.13,Monthly,0,8.73,0.81,1,0
Skilith,7,119,268,266.79,532780.68,Monthly,16,15.71,0.87,17,0
Minyx,22,8,647,482.56,549066.16,Weekly,14,5.15,0.61,20,0
Demivee,25,111,781,507.36,623886.24,Daily,1,15.99,0.89,19,0
Thoughtbridge,16,103,676,121.77,871201.19,Monthly,3,8.93,0.07,5,0
Mycat,2,13,943,462.06,30619.76,Daily,19,11.6,0.99,18,1
Feedspan,30,29,849,170.75,493616.22,Weekly,26,6.71,0.64,14,0
Izio,32,65,537,455.31,83159.21,Daily,0,19.19,0.58,8,0
Eidel,14,33,504,299.36,108714.34,Monthly,21,6.65,0.99,12,1
Gabcube,15,72,230,954.29,61910.31,Daily,8,10.06,0.85,10,0
Realfire,6,92,632,209.03,405207.3,Monthly,37,20.38,0.49,9,1
Dynazzy,1,28,685,671.63,676335.75,Daily,49,0.45,0.38,0,0
Skynoodle,20,101,275,801.25,134712.48,Weekly,8,20.0,0.7,12,0
Bluezoom,13,15,145,603.29,628951.94,Monthly,1,12.47,0.1,0,1
Agivu,8,99,182,535.9,488444.71,Weekly,22,21.41,0.78,3,1
Skyble,11,61,818,851.81,534732.17,Daily,15,23.64,0.77,19,0
Eadel,31,55,569,837.06,297515.06,Weekly,45,20.17,0.95,11,0
Fatz,34,101,894,282.74,34311.23,Weekly,2,10.7,0.42,20,0
Wikivu,20,15,613,619.43,915721.69,Weekly,18,3.45,0.84,1,1
Oyoba,23,98,337,775.43,918628.34,Weekly,44,10.87,0.95,8,1
Edgeify,12,90,819,326.35,534927.98,Monthly,22,16.86,0.1,0,1
Voomm,8,14,894,951.28,756969.82,Monthly,36,10.86,0.7,14,0
Tagcat,4,34,799,737.91,885722.07,Weekly,8,11.03,0.62,0,0
Wikizz,26,62,477,456.89,807240.8,Monthly,16,19.2,0.67,1,0
Eire,28,7,68,509.73,926103.91,Weekly,21,0.61,0.57,16,0
Devify,8,5,543,410.86,303797.06,Monthly,48,17.31,0.99,4,1
Tagfeed,17,112,822,736.04,489756.6,Daily,20,7.87,0.07,8,0
Jayo,14,49,347,391.86,760403.28,Monthly,21,17.88,0.93,6,0
Yakidoo,28,45,703,263.71,132608.88,Weekly,21,20.24,0.57,3,0
Riffwire,35,57,408,116.19,601252.24,Weekly,13,12.87,0.56,4,0
Camido,17,88,297,324.36,58211.76,Daily,38,2.66,0.14,15,1
Trilith,24,108,206,844.74,107980.6,Monthly,48,4.95,0.95,3,1
Vinte,7,6,767,976.03,289872.05,Weekly,11,15.5,0.49,11,1
Wikizz,4,69,122,29.05,267402.79,Daily,2,18.65,0.6,15,1
Skiptube,17,33,859,212.28,595677.4,Weekly,19,8.0,0.58,19,1
Gigaclub,17,90,554,460.07,913249.42,Daily,25,8.0,0.9,7,0
Katz,19,77,512,555.15,927376.93,Weekly,1,20.55,0.22,19,1
Linkbridge,11,19,38,386.08,730508.83,Monthly,9,1.76,0.7,4,1
Jabberbean,23,42,392,108.63,79685.08,Monthly,13,8.93,0.23,15,1
Gabcube,27,49,409,246.38,702071.37,Monthly,23,14.63,0.85,19,1
Jabbersphere,16,102,28,189.61,361382.8,Weekly,48,10.5,0.07,14,0
Mita,16,92,498,491.81,142835.44,Monthly,20,1.31,0.03,15,0
Oyoloo,18,17,903,488.38,524825.92,Weekly,45,17.69,0.57,14,1
Quatz,7,105,162,140.88,136313.99,Weekly,33,15.41,0.15,0,1
Abatz,19,46,478,905.35,502544.75,Weekly,2,18.23,0.83,5,1
Eimbee,36,113,216,270.98,466472.24,Daily,42,20.24,0.44,11,0
Kazu,21,68,369,173.71,522113.96,Monthly,37,7.38,0.24,6,0
Zava,15,111,256,833.52,478021.07,Monthly,2,11.99,0.98,20,1
Trilia,31,87,294,37.06,35624.24,Daily,48,0.53,0.72,6,1
Meembee,11,50,165,187.82,234998.54,Daily,48,18.08,0.18,10,1
Brainlounge,13,65,659,112.59,974926.57,Daily,8,16.99,0.31,7,1
Yacero,18,86,867,528.43,668220.83,Monthly,31,4.45,0.12,0,0
Chatterbridge,13,115,635,787.58,308015.05,Monthly,1,3.66,0.4,1,1
Kwideo,14,102,893,345.19,47452.16,Weekly,0,17.97,0.24,13,0
Ntag,34,46,469,471.07,819621.76,Daily,19,13.08,0.51,16,1
Snaptags,7,80,26,257.09,307681.88,Weekly,4,5.85,0.73,19,0
Topicware,2,89,895,540.18,512783.01,Weekly,5,23.34,0.77,14,0
Zoonder,21,15,576,692.08,3725.99,Monthly,1,17.6,0.72,9,1
Skiba,28,119,921,540.44,268151.53,Monthly,40,3.23,0.94,0,0
Linkbuzz,17,43,241,552.64,702091.7,Daily,48,13.08,0.5,5,0
Mybuzz,34,78,853,465.38,639663.41,Weekly,33,0.94,0.62,2,1
Jetwire,4,30,200,181.97,463116.96,Weekly,41,15.06,0.17,5,1
Skimia,17,75,892,698.03,483134.15,Daily,46,0.88,0.63,18,0
Flipstorm,30,59,123,561.03,918282.47,Monthly,31,17.64,0.37,5,0
Realpoint,23,36,4,51.75,451195.24,Weekly,22,8.02,0.97,9,1
Realpoint,21,52,823,707.45,103635.63,Weekly,12,11.84,0.52,8,1
Gigabox,17,74,475,552.91,236664.51,Monthly,33,19.96,0.09,19,1
Bluezoom,35,113,522,757.4,573359.77,Weekly,4,7.71,0.25,4,0
Eidel,28,41,827,303.49,964936.92,Monthly,6,23.54,0.31,16,1
Centizu,16,26,673,147.79,153258.69,Weekly,48,6.97,0.4,20,1
Zooveo,21,64,691,446.43,617313.64,Monthly,45,10.63,0.14,15,0
Tanoodle,12,65,305,125.89,611799.18,Daily,42,15.44,0.41,2,1
Realbuzz,24,82,590,328.62,199745.81,Daily,27,0.95,0.36,14,1
BlogXS,27,115,515,604.59,682209.93,Monthly,33,23.84,0.27,19,1
Skipfire,36,52,336,477.69,861845.53,Monthly,49,17.31,0.3,5,0
Oyoloo,28,17,142,737.49,493303.4,Daily,38,19.22,0.46,1,1
Blogspan,14,77,241,99.67,622755.6,Monthly,22,18.0,0.95,1,0
Mynte,31,48,34,623.5,847817.1,Weekly,30,6.73,0.41,4,0
Yoveo,4,107,168,269.76,338819.0,Weekly,34,6.16,0.64,15,1
Tekfly,29,58,673,361.62,498824.03,Daily,12,22.2,0.53,12,0
Rhyzio,28,30,433,566.33,602249.27,Daily,0,11.12,0.98,6,0
Tagfeed,20,112,345,665.91,538647.13,Monthly,15,8.13,0.35,18,0
Feedmix,22,111,339,100.72,898058.97,Daily,33,19.56,0.84,11,1
Viva,17,78,235,82.6,136389.96,Daily,12,17.02,0.37,6,0
Livefish,9,7,850,148.71,323050.79,Daily,49,0.34,0.06,19,0
Gigaclub,33,5,636,968.6,398436.8,Monthly,9,23.97,0.32,15,0
Minyx,11,37,139,150.84,261698.73,Weekly,19,2.63,0.49,5,1
Rhynoodle,30,117,158,540.01,111435.53,Monthly,15,17.75,0.34,9,0
Yombu,8,41,555,835.63,765432.68,Monthly,31,19.3,0.69,14,0
Flashspan,13,88,790,370.48,706758.86,Monthly,8,4.82,0.91,20,1
Jayo,36,17,282,830.83,168413.25,Weekly,32,22.81,0.19,11,0
Zooveo,8,58,118,582.15,930276.57,Monthly,3,6.72,0.04,18,1
Edgeclub,27,40,800,821.56,687029.71,Daily,33,11.63,0.66,14,1
Feedfish,8,7,25,230.87,494512.58,Weekly,17,12.35,0.27,14,1
Tagtune,33,27,772,806.1,744247.2,Daily,36,15.85,0.57,3,1
Thoughtstorm,15,20,586,571.6,576350.14,Daily,8,16.85,0.01,3,0
Gigashots,20,46,772,309.71,680163.78,Weekly,0,23.5,0.03,4,0
Kare,23,38,522,636.85,743114.05,Daily,44,6.61,0.66,14,0
Oyondu,6,18,680,12.56,338227.4,Weekly,42,1.97,0.68,19,1
Fatz,1,91,813,734.23,122787.11,Weekly,19,15.91,0.91,14,1
Skippad,9,31,205,269.0,423136.19,Daily,33,19.71,0.81,20,0
Janyx,5,84,72,945.4,989767.61,Monthly,42,10.96,0.63,11,1
Topicblab,6,99,644,854.36,545675.99,Weekly,44,7.99,0.31,4,1
Viva,15,80,582,109.59,752733.19,Daily,3,16.38,0.96,6,0
Latz,10,47,164,247.33,708913.76,Weekly,25,23.02,0.32,18,0
Bluezoom,30,76,581,678.21,753241.89,Weekly,31,7.79,0.7,2,0
Zazio,1,45,290,257.06,99505.74,Daily,6,8.41,0.57,10,1
Skilith,8,105,632,279.65,642670.35,Monthly,11,7.85,0.22,16,0
Yadel,2,96,783,701.23,942610.24,Weekly,29,10.52,0.33,18,0
Skibox,18,109,994,461.89,192562.12,Monthly,3,9.44,0.79,10,1
Dynava,31,69,657,882.35,864652.71,Daily,42,14.01,0.17,5,1
Thoughtmix,11,56,436,397.24,708521.11,Monthly,47,22.06,0.93,11,0
Vipe,15,76,107,719.39,865105.48,Weekly,46,16.41,0.68,14,0
Ozu,11,117,113,962.86,458275.17,Monthly,35,2.7,0.17,8,0
Fivespan,17,18,242,720.71,755333.42,Daily,43,19.74,0.27,2,1
Omba,32,88,252,706.95,770742.22,Monthly,40,1.05,0.36,18,1
Devshare,2,113,666,505.18,316751.67,Weekly,26,22.82,0.84,15,1
Realbridge,35,99,916,596.79,946002.6,Daily,48,6.47,0.41,19,1
Centizu,25,102,402,829.58,700049.09,Weekly,18,16.36,0.79,16,1
Topiczoom,12,25,938,650.94,382526.53,Weekly,28,11.9,0.78,13,0
Centidel,27,47,709,792.89,256309.39,Daily,25,23.52,0.71,9,1
Babbleopia,24,79,289,165.09,365717.91,Weekly,50,4.0,0.6,0,1
Thoughtsphere,23,39,254,713.71,460798.05,Monthly,0,13.04,0.76,6,0
Meejo,19,74,976,501.19,176722.96,Monthly,26,13.81,0.27,19,0
Roomm,18,96,159,144.72,200574.72,Monthly,26,8.25,0.9,3,1
Photobean,24,50,500,31.36,199725.39,Daily,24,16.68,0.31,9,0
Chatterbridge,24,39,872,841.83,668782.41,Daily,32,10.66,0.32,20,0
Bluezoom,4,37,652,377.8,463328.13,Daily,29,11.7,0.83,1,1
Kwinu,6,66,246,490.77,469009.4,Monthly,9,3.65,0.45,16,0
Buzzdog,36,61,7,120.39,145603.41,Monthly,5,12.32,0.68,6,0
Avaveo,28,29,650,185.12,152842.16,Monthly,33,1.29,0.99,0,0
Brainbox,28,93,590,551.52,21379.06,Monthly,28,14.06,0.09,6,0
Ntag,33,12,899,987.34,818494.12,Monthly,11,7.99,0.22,6,1
Mynte,22,10,607,54.02,374348.91,Daily,30,9.79,0.14,20,0
Eazzy,19,10,129,580.89,115146.96,Weekly,26,10.48,0.91,0,0
Cogilith,6,4,779,252.73,183937.82,Weekly,29,20.1,0.68,2,1
Kwinu,36,50,832,790.51,317306.32,Weekly,34,3.06,0.99,15,1
Eare,4,5,902,708.41,734217.49,Weekly,7,0.52,0.63,5,1
Talane,23,99,91,568.57,613225.62,Daily,25,14.8,0.86,2,1
Wordpedia,27,96,606,393.13,701607.72,Daily,12,15.78,0.46,11,1
Thoughtstorm,34,56,67,266.38,620089.79,Monthly,22,21.23,0.2,13,1
Plambee,36,65,867,226.45,163868.42,Daily,43,10.05,0.61,0,1
Blogpad,15,38,726,508.69,745868.74,Daily,47,17.04,0.39,19,1
Quire,7,107,155,633.49,761603.41,Monthly,31,11.43,0.85,5,0
Jamia,4,76,824,820.0,835875.25,Daily,49,20.23,0.24,18,1
Bluezoom,34,40,104,657.84,779231.51,Weekly,48,11.55,0.73,17,0
Voonder,25,40,402,113.03,830471.0,Monthly,15,17.98,0.57,10,0
Kayveo,21,6,101,354.13,393123.9,Daily,26,13.88,0.74,17,1
Chatterbridge,2,92,960,727.54,725111.88,Weekly,11,17.51,0.2,8,0
Youopia,26,20,394,486.8,380278.3,Weekly,41,12.66,0.77,0,0
Realcube,2,67,370,209.67,597190.1,Daily,35,12.73,0.26,7,1
Quaxo,35,108,259,514.77,270122.35,Daily,34,22.09,0.58,18,0
Mybuzz,31,72,77,911.16,362438.49,Weekly,41,15.38,0.78,6,0
Wikizz,25,94,963,532.53,41071.44,Weekly,42,18.07,0.1,19,1
Avaveo,18,25,404,616.28,570839.78,Weekly,49,5.67,0.94,10,1
Photobug,30,6,523,901.47,248335.05,Weekly,25,6.14,0.99,7,1
Topdrive,3,45,310,152.19,358990.65,Daily,2,17.19,0.88,17,1
BlogXS,2,90,727,795.24,946412.2,Daily,26,8.76,0.18,19,0
Blogtags,1,86,144,760.51,500424.95,Daily,49,13.81,0.9,11,0
Gabtune,8,51,337,420.19,824125.42,Daily,12,20.78,0.17,4,1
Ntags,22,80,118,691.03,424054.95,Daily,38,16.44,0.58,17,0
Leenti,19,111,418,935.33,129188.02,Weekly,18,21.51,0.8,19,0
Dabtype,23,61,54,997.06,577407.47,Monthly,0,13.23,0.53,0,1
Avaveo,12,55,774,566.08,721054.93,Monthly,3,5.67,0.22,9,1
Jabbersphere,21,23,601,352.02,351567.29,Monthly,41,10.25,0.97,13,0
Quatz,33,32,342,761.52,462904.45,Daily,36,21.53,0.62,8,1
Wordify,36,6,564,29.18,477859.23,Daily,31,2.91,0.37,18,0
Meejo,10,26,733,631.84,680995.97,Monthly,19,4.92,0.85,19,0
Wikido,11,64,653,41.14,466576.94,Monthly,47,6.89,0.27,16,1
Centimia,30,11,770,127.19,372369.7,Daily,22,17.0,0.15,6,1
Omba,33,4,858,204.57,400896.14,Weekly,17,22.62,0.88,18,0
Gabcube,5,81,903,591.57,566567.82,Daily,45,4.28,0.28,20,0
Izio,30,49,963,972.16,771560.98,Daily,24,13.53,0.42,18,1
Riffwire,10,90,3,646.06,451706.27,Weekly,4,4.49,0.27,12,0
Youopia,8,26,349,859.63,640035.85,Weekly,14,10.96,0.88,4,1
Lazz,8,51,540,404.1,382520.03,Weekly,16,1.4,0.34,14,1
Mynte,7,20,118,102.83,843521.32,Daily,24,6.76,0.74,5,0
Yacero,8,12,865,746.95,980940.45,Daily,30,13.99,0.2,1,1
Meedoo,12,108,598,617.29,939233.59,Weekly,15,18.07,0.01,5,1
Devpoint,25,39,374,586.61,347687.91,Weekly,0,0.87,0.86,17,1
Rhynyx,23,95,609,416.13,451738.08,Daily,45,10.01,0.75,13,0
Feedspan,20,102,174,390.82,196068.95,Daily,13,14.43,0.87,14,1
Vipe,17,55,905,559.24,733900.53,Monthly,26,4.81,0.7,7,1
Twitterbridge,31,110,999,549.48,883990.82,Weekly,32,15.53,0.54,12,0
Mynte,5,91,207,619.32,439822.11,Monthly,4,5.41,0.21,1,1
Quinu,29,4,810,288.61,603524.69,Weekly,25,17.48,0.24,16,1
Podcat,25,99,825,348.27,264310.64,Daily,23,2.63,0.63,7,0
Fatz,12,76,135,657.24,65909.34,Weekly,6,14.88,0.79,14,0
Kanoodle,10,26,220,510.65,606509.95,Weekly,40,0.2,0.02,19,1
Zoombeat,29,0,694,445.43,867840.61,Daily,17,17.66,0.24,16,1
Shufflebeat,24,99,661,851.55,828096.23,Monthly,30,5.65,0.94,1,0
Viva,11,95,306,213.67,271516.81,Weekly,7,17.25,0.19,7,0
Yotz,4,94,175,284.74,155077.01,Monthly,13,18.14,0.89,8,1
Skalith,13,87,361,787.86,626853.16,Monthly,9,2.69,0.11,20,1
Kazio,25,86,82,271.19,329448.43,Daily,9,5.38,0.88,13,0
Ntag,19,53,712,383.82,958997.55,Monthly,13,14.5,0.89,20,1
Bubbletube,5,15,576,76.72,948679.42,Daily,21,8.28,0.72,20,1
Janyx,35,55,159,556.8,272031.3,Weekly,25,18.36,0.12,17,1
Quire,5,26,324,91.69,432125.93,Monthly,29,23.19,0.33,11,1
Quatz,23,120,740,401.24,503334.23,Daily,40,11.1,0.24,6,1
Buzzster,4,110,406,699.65,65282.7,Daily,25,9.05,0.29,17,0
Buzzdog,9,113,32,41.33,830352.55,Daily,49,1.36,0.52,20,1
Tazz,23,113,696,824.64,476796.92,Monthly,14,13.39,0.44,0,1
Jaloo,8,69,869,758.4,702324.35,Monthly,37,6.54,0.56,8,0
Trudoo,17,74,797,11.55,82246.69,Daily,10,17.99,0.77,2,1
Dabjam,18,112,860,438.13,79253.66,Monthly,8,2.2,0.73,12,0
Rhynoodle,13,71,345,812.07,175952.59,Monthly,50,16.35,0.5,2,1
Abata,23,90,216,494.51,127223.49,Weekly,36,4.89,0.45,16,1
Thoughtbeat,26,68,652,156.15,640481.45,Daily,40,14.65,0.52,13,0
Divape,24,44,864,634.96,585190.29,Weekly,15,14.92,0.25,9,1
Photobean,11,75,140,884.6,848824.81,Monthly,13,15.73,0.98,7,1
Brainverse,3,71,768,60.74,416125.36,Weekly,13,5.76,0.83,11,1
Twitterwire,11,58,437,6.2,504307.92,Weekly,37,2.77,0.35,12,0
Minyx,29,39,490,182.81,528073.07,Monthly,9,21.99,0.86,4,0
Abata,4,58,435,216.22,371855.22,Daily,25,17.51,0.52,11,0
Jabbercube,29,96,813,992.49,401523.49,Daily,49,10.36,0.7,8,0
Eabox,35,110,620,100.22,226085.33,Weekly,20,4.48,0.77,11,0
Feedfire,27,117,499,73.93,39051.49,Monthly,50,14.67,0.55,19,0
Mynte,19,118,35,596.47,23690.81,Weekly,26,14.13,0.57,2,0
Fatz,28,30,491,578.27,724240.45,Weekly,13,5.92,0.67,8,0
Buzzbean,8,49,432,292.01,228530.13,Daily,29,10.0,0.88,7,1
Fiveclub,11,56,930,493.75,893563.02,Weekly,38,16.43,0.97,17,1
Youtags,24,96,80,925.11,422494.45,Monthly,4,9.28,0.44,13,0
Izio,32,13,606,921.3,649407.26,Monthly,34,11.86,0.6,12,1
Yacero,12,71,50,135.42,194315.59,Weekly,47,6.26,0.28,2,0
Youtags,32,63,234,882.62,321871.68,Daily,35,8.64,0.26,7,1
Myworks,35,11,851,860.11,984241.39,Weekly,30,12.4,0.18,5,0
Brainverse,14,70,226,682.55,666771.41,Monthly,33,22.18,0.91,20,0
Babbleset,13,63,121,842.61,653040.54,Weekly,25,15.54,0.24,11,0
Jatri,20,119,688,949.57,709594.65,Monthly,42,20.48,0.05,11,0
Brainverse,4,97,89,873.7,62688.5,Daily,15,2.16,0.74,6,1
Meetz,33,69,54,406.76,581013.51,Monthly,46,10.14,0.67,19,0
Oba,26,44,29,818.97,667744.71,Weekly,24,13.83,0.62,15,0
Eidel,26,97,147,867.65,21665.63,Weekly,28,5.05,0.05,0,1
Camido,20,106,825,99.51,68709.02,Monthly,15,1.43,0.95,4,1
JumpXS,8,18,824,560.09,525968.56,Daily,39,18.93,0.99,11,1
Jetpulse,16,57,659,505.73,722220.4,Daily,11,13.85,0.1,8,1
Blogtags,26,12,631,799.54,456343.77,Weekly,4,22.19,0.7,20,1
Livetube,11,44,376,102.44,382488.46,Monthly,45,13.9,0.91,19,1
Brightbean,20,13,526,254.52,790699.97,Weekly,44,2.81,0.31,6,1
Oyoba,33,94,424,817.73,468282.19,Daily,23,6.69,0.76,9,1
Zoozzy,5,38,579,796.41,516250.53,Daily,19,22.23,0.08,7,0
Zoonder,5,4,433,12.92,801135.0,Weekly,14,3.52,0.05,19,0
Trilith,24,55,802,413.45,450995.39,Monthly,1,11.74,0.27,17,0
Muxo,36,4,748,275.13,402617.68,Monthly,28,22.38,0.65,2,1
Skyvu,8,2,491,377.65,532229.36,Monthly,5,13.42,0.81,9,0
Dynabox,34,66,499,90.61,45940.36,Weekly,14,18.11,0.16,8,1
Babblestorm,7,40,385,144.53,353364.39,Monthly,16,22.21,0.54,14,0
Quire,23,18,525,782.7,759903.02,Weekly,10,3.91,0.9,20,0
Eadel,9,65,640,676.08,709052.07,Daily,24,10.58,0.93,10,1
Brightdog,7,25,881,184.21,610486.82,Daily,31,10.19,0.27,1,0
Zoovu,25,78,112,934.71,862320.52,Weekly,18,3.99,0.43,9,0
Livetube,13,33,108,983.53,510030.64,Weekly,38,23.46,0.49,3,1
Fiveclub,32,90,534,821.75,191652.29,Weekly,16,17.69,0.51,14,1
Twitterlist,34,18,153,900.95,352452.41,Daily,42,9.16,0.65,5,1
Jaloo,36,37,457,389.33,913066.18,Monthly,0,13.9,0.29,2,1
Roombo,20,4,934,127.31,226450.59,Monthly,31,23.02,0.78,16,0
Quinu,8,106,873,92.55,405880.94,Daily,49,22.7,0.04,4,0
Realbridge,21,2,574,635.86,612703.4,Monthly,23,10.21,0.85,0,1
Flashset,11,93,607,567.4,918331.6,Monthly,19,7.73,0.82,0,1
Zoovu,24,9,725,244.27,189653.8,Monthly,50,22.14,0.79,5,1
Wordtune,5,59,537,462.8,7434.14,Daily,11,1.72,0.72,19,0
Omba,16,16,434,382.44,144288.18,Monthly,9,3.41,0.22,20,0
Zoovu,35,12,454,7.1,342750.26,Monthly,17,6.49,0.84,8,1
Realcube,2,33,171,248.3,789833.14,Daily,6,16.73,0.09,4,1
Photobug,20,86,99,661.19,770039.33,Monthly,27,8.57,0.83,16,0
Eabox,6,66,99,926.7,377334.6,Weekly,11,4.17,0.81,2,0
Brightbean,9,31,66,290.34,206848.6,Daily,0,7.28,0.38,19,0
Roodel,36,39,647,816.34,151062.52,Daily,31,23.11,0.42,8,0
Youopia,20,81,599,989.25,571345.2,Monthly,2,9.54,0.32,18,1
Shuffledrive,34,12,609,981.04,25812.95,Daily,26,23.51,0.39,2,1
Lazzy,26,73,63,213.74,643468.22,Monthly,9,18.13,0.92,4,0
Skyble,14,16,95,317.3,835863.43,Monthly,36,18.39,0.92,12,1
Oyonder,29,17,260,180.66,421913.24,Weekly,16,20.13,0.08,16,1
Rhybox,32,25,388,905.24,168612.57,Weekly,0,20.95,0.9,14,0
Twinder,13,28,583,533.01,760482.72,Daily,14,6.34,0.52,6,0
Gabvine,9,29,691,708.98,446326.37,Weekly,9,11.16,0.51,13,1
Skilith,35,68,923,1.24,708092.13,Weekly,20,18.78,0.08,8,0
Kwimbee,36,29,620,408.79,731447.63,Weekly,34,11.44,0.07,9,1
Oyondu,3,97,325,319.7,34.79,Daily,5,10.88,0.09,16,0
Quinu,9,93,21,178.77,752061.56,Monthly,29,3.32,0.49,1,0
Innotype,19,11,44,88.99,212925.64,Daily,9,2.71,0.66,15,1
Jaxbean,5,4,708,111.19,155892.8,Daily,5,5.68,0.85,4,0
Dablist,11,39,344,345.33,369645.27,Monthly,36,2.22,0.86,15,0
Brainsphere,28,90,297,839.95,24444.83,Weekly,5,19.54,0.2,5,0
Quimba,19,73,880,824.74,91964.76,Monthly,14,23.24,0.68,6,1
Cogidoo,14,31,681,499.24,257977.45,Daily,33,3.79,0.39,0,1
Eadel,33,45,464,220.98,425581.75,Weekly,21,1.0,0.93,17,0
Janyx,9,117,860,309.49,794584.87,Daily,15,19.25,0.64,12,0
Babbleopia,3,85,461,286.43,395011.13,Daily,50,2.72,0.35,19,1
Blogtag,3,80,744,63.13,723368.74,Daily,21,14.87,0.27,6,1
Thoughtbridge,18,2,299,802.26,543184.6,Weekly,37,13.23,0.41,15,0
Wordtune,35,10,418,884.35,921142.52,Weekly,36,14.01,0.53,9,1
Mudo,6,44,405,274.98,33921.44,Weekly,44,12.69,0.29,16,0
Meevee,6,23,739,125.74,22882.93,Weekly,38,4.92,0.57,18,0
Npath,24,27,56,530.97,762705.43,Weekly,20,9.16,0.43,8,1
Nlounge,27,115,56,460.39,271100.28,Monthly,37,0.93,0.99,4,0
Twitterbridge,2,3,792,987.09,479565.17,Daily,38,4.12,0.08,17,1
Topicstorm,4,91,390,6.49,590784.02,Daily,46,17.14,0.21,1,0
Lazz,7,65,82,908.41,406476.31,Daily,13,22.61,0.71,19,0
Twitterworks,18,28,258,26.65,117891.49,Daily,29,7.1,0.97,9,1
Skinte,27,81,484,463.24,85996.18,Weekly,16,10.17,0.07,10,1
Skipfire,16,39,294,65.37,993485.14,Monthly,47,22.69,0.86,19,0
Yacero,7,32,436,961.12,156479.96,Daily,30,19.15,0.56,16,0
Skinix,24,1,912,254.79,453771.36,Monthly,31,19.35,0.75,2,1
Leexo,27,30,411,291.57,695523.91,Weekly,0,11.56,0.72,19,0
Demimbu,11,119,825,466.06,663046.98,Daily,10,15.7,0.89,11,0
Katz,17,43,299,447.01,173643.23,Daily,15,7.53,0.89,20,0
Feedbug,5,84,487,83.93,550264.67,Monthly,2,7.0,0.94,16,0
Pixoboo,9,87,311,809.6,7168.02,Daily,35,8.44,0.54,2,1
Jayo,29,61,777,678.55,104310.73,Weekly,2,14.74,0.84,11,0
Livetube,33,56,57,279.06,665416.47,Daily,43,3.8,0.97,1,1
Buzzshare,25,45,919,125.22,124902.92,Daily,11,15.93,0.54,5,0
Latz,9,82,545,124.8,433492.87,Monthly,45,5.45,0.44,18,0
Geba,11,114,641,40.82,385681.52,Daily,42,14.57,0.66,7,1
Bubblemix,8,44,887,475.74,264855.27,Monthly,18,9.0,0.66,10,1
Twitterbridge,36,118,764,170.12,527887.52,Daily,11,7.32,0.72,4,0
Centizu,26,24,805,766.56,620763.86,Monthly,13,8.95,0.98,11,0
Tagfeed,28,47,598,96.83,320809.14,Daily,34,3.45,0.55,5,1
Dabjam,25,39,877,511.47,230306.62,Weekly,49,7.48,0.51,7,1
Ozu,25,11,701,571.5,179271.83,Daily,30,5.25,0.47,10,0
Mycat,3,34,198,293.73,6938.67,Daily,40,22.04,0.04,19,1
Gabtype,13,98,645,766.72,563233.43,Daily,7,15.47,0.4,11,0
Meejo,8,117,297,973.81,710490.96,Weekly,11,1.64,0.37,19,0
Avavee,33,68,127,380.37,517193.15,Daily,21,14.4,0.05,1,0
Oyoba,27,111,251,936.49,333255.3,Weekly,21,9.48,0.1,12,1
Meembee,33,100,492,310.55,137373.77,Monthly,20,21.69,0.47,4,1
Feedfire,9,70,513,234.94,845460.15,Daily,25,7.27,0.57,0,0
Wordware,31,57,384,937.76,237546.62,Weekly,48,15.84,0.81,13,1
Skinder,21,27,959,503.39,924935.95,Daily,29,14.89,0.48,8,0
Rooxo,2,118,862,404.78,141964.58,Monthly,21,1.92,0.86,3,0
Photospace,14,61,65,351.9,81426.02,Weekly,11,6.57,0.95,12,1
Katz,19,13,695,424.11,925270.61,Monthly,14,7.67,0.92,15,0
Blogtag,16,43,430,163.5,333374.97,Daily,46,14.27,0.2,19,0
Yacero,35,93,647,708.07,621100.31,Monthly,15,5.23,0.62,8,1
Jaxworks,22,98,403,125.1,439911.82,Daily,43,5.78,0.19,9,1
Yotz,4,93,428,370.22,502353.29,Weekly,47,18.65,0.24,2,0
Plambee,28,2,166,624.65,762389.62,Daily,31,0.19,0.76,1,0
Dynazzy,18,80,326,964.6,834015.56,Daily,28,6.42,0.81,20,0
Abatz,24,42,527,505.05,727498.76,Monthly,27,14.1,0.11,13,0
Tekfly,20,79,432,313.49,970817.09,Weekly,46,11.27,0.33,3,1
Gabvine,9,30,843,692.49,265702.22,Daily,11,12.26,0.33,17,1
Devify,5,101,888,355.33,496344.35,Weekly,43,18.53,0.52,7,0
Twimbo,3,73,85,133.62,24103.42,Daily,31,1.15,1.0,14,1
Skinder,28,36,995,423.66,928279.49,Monthly,33,23.17,0.95,11,1
Realmix,29,106,321,460.41,126641.05,Monthly,21,22.88,0.82,9,0
Flipopia,12,78,726,793.55,951404.16,Weekly,29,4.54,0.64,19,1
Vimbo,32,107,591,241.35,648108.44,Monthly,44,10.33,0.24,8,1
Eire,16,116,799,472.13,679036.17,Daily,23,6.83,0.16,20,0
Tazz,23,12,758,736.57,208701.06,Monthly,30,19.49,0.45,3,0
Voomm,10,22,854,307.44,212921.09,Weekly,19,12.01,0.17,18,0
Blogpad,15,81,614,101.9,281239.5,Weekly,24,20.39,0.05,18,1
Yoveo,35,107,685,434.31,536046.65,Weekly,20,1.46,0.89,20,1
JumpXS,30,0,38,755.89,669918.53,Daily,7,7.01,0.09,0,1
Eire,31,6,973,147.97,845012.37,Daily,7,2.26,0.24,0,1
Dynazzy,11,41,345,753.83,228660.61,Monthly,33,22.31,0.99,12,0
Skimia,28,46,963,564.43,97107.55,Weekly,6,10.35,0.01,6,1
Talane,20,81,248,248.07,724568.64,Monthly,47,2.15,0.71,8,0
Devbug,6,16,338,378.67,793273.42,Weekly,35,10.16,0.64,6,0
Brightdog,30,35,713,584.54,949778.76,Weekly,0,20.08,0.55,1,1
Realcube,15,28,920,443.13,709081.44,Daily,19,3.47,0.23,0,0
Dynava,14,108,516,823.4,324547.29,Monthly,31,18.85,0.88,5,1
Bluejam,33,7,958,987.74,370241.99,Monthly,15,4.28,0.69,19,0
Browsecat,9,65,940,710.73,823689.11,Monthly,42,4.81,0.17,13,0
Livepath,20,92,606,106.59,276894.34,Daily,31,0.41,0.33,15,0
Twitterwire,1,94,48,253.02,55706.32,Weekly,50,15.03,0.38,11,1
Fiveclub,35,114,441,775.24,992779.06,Monthly,35,3.03,0.91,6,1
Latz,11,67,669,965.49,434904.13,Monthly,28,23.08,0.67,20,1
Quinu,9,33,937,366.95,533445.56,Weekly,35,4.47,0.64,12,1
Thoughtbridge,12,6,592,707.19,256836.51,Monthly,10,2.96,0.69,19,0
Skyble,32,50,933,204.32,974571.05,Monthly,39,2.82,0.42,17,0
Jaxspan,3,70,305,573.61,868518.17,Monthly,35,22.91,0.01,4,0
Quimba,30,113,953,259.69,354347.74,Daily,5,21.12,0.37,10,0
Voomm,5,113,788,817.93,503130.61,Weekly,5,0.24,0.21,18,0
Dabtype,15,96,580,540.19,416647.36,Monthly,21,9.76,0.82,12,0
Ainyx,21,72,86,512.06,935553.92,Daily,31,1.33,0.51,15,1
Avamba,14,97,951,109.25,29996.54,Monthly,35,14.45,0.75,17,1
Eare,27,63,309,123.08,99001.93,Daily,5,5.92,0.15,18,1
Wikivu,36,81,269,429.78,242773.2,Weekly,6,19.33,0.67,11,0
Twimm,2,10,513,991.88,853799.59,Daily,23,6.78,0.43,7,1
Meemm,30,96,465,822.19,894878.46,Daily,35,9.61,0.91,17,0
Skinte,1,107,204,761.36,103134.58,Weekly,12,22.53,0.63,12,1
Jaloo,7,53,536,362.95,545017.84,Weekly,31,18.75,0.78,5,0
Ozu,18,38,648,392.69,966345.76,Monthly,8,7.28,0.34,16,1
Dynabox,6,34,600,480.68,924570.66,Weekly,46,18.15,0.52,8,1
Jaxbean,21,33,34,601.09,46999.78,Monthly,16,16.24,0.51,15,0
Avavee,3,61,35,198.27,8378.64,Monthly,27,9.1,0.34,3,1
Tekfly,17,93,752,955.59,689198.12,Daily,47,23.5,0.45,11,1
Mudo,18,35,203,424.99,828564.26,Weekly,5,2.62,0.3,7,1
Gigashots,1,113,235,229.35,256582.63,Weekly,10,7.46,0.88,18,0
Jaxspan,16,70,290,356.64,785441.46,Monthly,39,3.85,0.33,20,1
Blogspan,18,94,152,11.32,211985.98,Weekly,46,15.44,0.78,0,1
Quimba,3,1,774,691.35,650286.41,Daily,22,12.11,0.19,20,0
Edgeclub,28,74,394,625.97,336268.89,Daily,39,11.69,0.0,3,1
Skimia,10,85,476,565.2,486729.49,Monthly,12,12.71,0.92,4,1
Twitternation,9,55,180,924.48,404443.5,Monthly,1,19.2,0.66,18,0
Blogtags,33,110,948,596.0,436646.77,Monthly,13,1.24,0.2,7,1
Eidel,14,61,975,73.76,460528.82,Monthly,13,12.74,0.23,7,0
Zazio,31,49,669,195.08,451490.93,Daily,24,9.33,0.18,18,0
Rooxo,20,9,83,349.07,133980.85,Daily,35,18.14,0.72,9,0
Skynoodle,14,50,891,830.84,780910.46,Daily,11,6.86,0.75,3,1
Flipopia,13,14,813,482.93,892381.38,Daily,46,21.68,0.56,13,1
Eire,30,77,220,94.47,34580.75,Monthly,11,4.02,0.19,3,0
Skaboo,26,65,241,705.79,221147.67,Weekly,26,15.52,0.51,4,1
Gabvine,28,26,613,712.41,486301.46,Monthly,24,15.23,0.51,19,0
Centizu,21,102,432,358.06,294403.6,Weekly,37,2.16,0.86,7,0
Devpulse,31,116,120,174.92,433817.71,Weekly,13,2.25,0.42,17,1
Gabtune,1,90,57,145.82,342002.95,Daily,5,16.51,0.85,2,1
Dynazzy,34,102,762,460.75,975690.45,Monthly,37,1.4,0.5,3,0
Oyoyo,33,90,983,855.71,863288.78,Weekly,16,14.02,0.24,12,1
LiveZ,8,43,957,839.35,240225.03,Monthly,33,1.47,0.08,20,1
Twinte,2,15,292,321.86,479728.97,Daily,5,6.32,0.66,0,1
Flashset,24,110,16,721.59,445202.74,Daily,37,14.49,1.0,8,0
Gevee,1,51,209,654.81,788548.56,Weekly,35,19.93,0.09,5,1
Yombu,28,109,930,124.01,953019.18,Daily,35,9.77,0.93,14,1
Nlounge,21,8,595,781.37,356822.12,Daily,31,18.99,0.13,9,1
Twitterbeat,7,66,307,761.5,671747.76,Daily,24,15.65,0.27,6,0
Skibox,6,41,202,344.68,852221.85,Daily,47,17.12,0.84,10,1
Omba,32,13,222,810.01,471940.09,Weekly,38,11.22,0.92,6,0
Skippad,15,58,226,467.95,106338.51,Weekly,41,17.62,0.58,5,1
Twitterbeat,36,53,186,394.27,965886.48,Monthly,44,20.6,0.37,1,0
Brainverse,14,104,147,88.08,611366.39,Monthly,16,13.99,0.59,4,1
Youbridge,14,104,865,104.81,551084.0,Monthly,18,7.11,0.25,8,1
Browsetype,21,41,876,141.9,256882.08,Monthly,2,18.63,0.19,7,0
Gevee,22,55,85,87.49,932938.76,Weekly,40,5.8,0.96,12,1
Yodel,19,90,798,191.03,681405.02,Daily,19,20.11,0.35,2,0
Vipe,36,105,691,946.81,850541.55,Monthly,11,1.85,0.86,12,1
Dynava,21,40,599,8.92,121417.77,Monthly,48,23.39,0.17,16,1
Jaloo,16,114,528,348.18,701442.97,Monthly,20,6.44,0.98,4,1
Dynazzy,22,38,303,223.49,453668.54,Weekly,16,12.57,0.42,12,1
Vitz,17,75,332,32.06,823031.22,Daily,31,8.62,0.4,20,0
Skimia,10,62,463,575.01,78017.28,Monthly,5,20.69,0.45,11,0
Myworks,8,16,79,518.21,38698.9,Daily,15,0.48,0.23,11,0
Eabox,3,107,559,441.96,137752.1,Daily,3,19.5,0.31,20,1
Yodoo,8,83,739,154.08,675428.83,Monthly,42,23.82,0.89,13,1
Centidel,21,64,284,164.27,591581.02,Monthly,22,14.59,0.91,13,1
Wikibox,19,111,309,567.48,882135.0,Monthly,34,14.98,0.23,14,0
Skinder,35,27,386,463.93,191604.88,Monthly,38,0.64,0.05,15,1
Bubblemix,9,76,303,977.86,297830.6,Daily,37,10.82,0.35,0,1
Viva,23,50,297,415.94,967462.53,Weekly,32,10.01,0.43,19,0
Vitz,25,36,230,538.18,27984.89,Monthly,46,22.86,0.55,17,0
Twitterbeat,28,18,712,279.98,2481.44,Weekly,10,12.97,0.68,4,0
Edgetag,11,6,751,851.41,233928.43,Daily,17,5.68,0.47,6,0
Kwimbee,35,64,134,708.92,338883.11,Weekly,29,1.03,0.94,13,0
Brainverse,13,55,836,987.6,373591.91,Weekly,32,18.91,0.71,7,1
Feedmix,13,54,149,79.35,313469.27,Weekly,48,21.79,0.75,7,0
Abatz,5,48,980,255.41,224772.71,Weekly,37,14.37,0.35,18,0
Realfire,7,98,487,343.87,171385.08,Monthly,12,17.6,0.96,5,0
Browsedrive,27,81,694,763.14,712495.78,Daily,40,11.45,0.53,8,0
Jabberstorm,20,75,917,277.93,40195.74,Daily,7,3.08,0.69,3,0
Yakidoo,8,92,914,336.31,152865.63,Monthly,0,19.28,0.6,1,1
BlogXS,26,7,699,492.75,982858.59,Daily,32,5.94,0.31,17,1
LiveZ,22,61,919,748.29,270607.24,Monthly,17,18.13,0.97,12,0
Blogspan,1,39,673,48.17,356201.42,Weekly,20,17.48,0.55,11,0
Edgetag,32,84,411,345.35,876412.04,Weekly,9,4.82,0.87,7,0
Yodo,32,35,65,662.04,877625.52,Daily,25,21.07,0.94,9,1
Trilia,1,74,812,423.57,695665.62,Daily,42,20.42,0.33,2,0
Devpoint,20,48,607,235.05,207996.74,Monthly,7,2.11,0.13,8,1
Vimbo,30,67,991,995.64,634414.58,Monthly,43,20.29,0.05,5,0
Browsezoom,20,66,79,818.45,888871.5,Weekly,48,2.26,0.0,0,0
Oyonder,34,76,851,556.55,43093.66,Monthly,23,22.69,0.98,18,0
Brainlounge,11,76,473,292.29,694190.35,Weekly,30,13.57,0.26,18,1
Oba,22,31,705,797.18,218785.7,Weekly,27,0.41,0.8,20,1
Latz,26,24,825,455.34,445959.69,Monthly,2,15.08,0.84,2,0
Shufflebeat,13,75,612,534.54,458472.83,Monthly,18,10.18,0.67,19,1
Divanoodle,14,12,457,351.47,77675.52,Daily,28,17.52,0.74,1,1
Dynava,8,63,991,493.56,648239.71,Weekly,26,9.37,0.83,4,0
Twinder,31,68,249,524.78,790468.62,Weekly,27,14.53,0.29,5,1
Jaxworks,1,34,883,412.19,212246.86,Monthly,37,11.41,0.65,14,1
Eidel,18,60,347,63.88,455077.1,Daily,6,18.47,0.98,0,1
Dabfeed,27,52,986,921.57,965341.04,Weekly,2,12.91,0.7,2,1
Dabfeed,28,67,686,373.11,265262.56,Monthly,23,9.87,0.32,12,1
Bubblemix,29,73,212,382.91,820092.75,Weekly,26,16.02,0.46,17,1
Trilith,33,118,999,233.36,292970.07,Monthly,18,4.45,0.68,1,1
Thoughtbridge,24,119,382,523.18,1857.66,Daily,39,6.14,0.14,4,1
Jetwire,11,37,513,860.07,795203.24,Weekly,6,6.31,0.92,16,1
Shuffletag,1,15,773,663.14,545180.24,Weekly,3,6.68,0.01,11,1
Jetpulse,22,31,940,701.68,269951.17,Weekly,36,8.89,0.98,5,1
Dynabox,17,110,851,345.37,646099.92,Weekly,39,17.59,0.77,1,1
Kwinu,24,91,647,386.31,444398.77,Weekly,1,23.23,0.28,3,0
Photobug,33,13,287,511.97,631947.74,Daily,13,18.2,0.5,16,0
Rhybox,18,2,648,411.9,899651.39,Monthly,41,0.46,0.44,1,1
Pixope,22,64,823,402.3,897636.25,Monthly,38,6.66,0.83,17,1
Meezzy,1,33,746,271.67,67570.44,Daily,4,0.64,0.11,13,0
Cogidoo,19,101,630,199.87,700956.5,Daily,15,8.93,0.53,3,1
Muxo,7,70,647,474.82,622178.85,Daily,5,9.13,0.44,20,1
Topiczoom,2,96,736,152.28,885250.91,Monthly,9,16.57,0.51,12,0
Tagpad,15,97,709,111.43,370773.3,Monthly,44,6.45,0.97,13,1
Tagpad,28,1,156,768.3,28897.16,Weekly,5,20.59,0.43,9,0
Digitube,8,68,211,405.93,446044.85,Daily,5,5.64,0.82,8,0
DabZ,36,28,383,374.29,816820.19,Monthly,40,21.58,0.02,11,0
Meezzy,35,108,945,410.88,7412.05,Daily,23,13.76,0.04,7,1
Edgeclub,20,27,83,697.3,639389.64,Monthly,22,19.92,0.88,19,1
Buzzdog,29,49,411,21.84,270446.2,Monthly,36,23.85,0.85,3,1
Dabtype,1,98,239,483.84,305127.79,Weekly,39,4.89,0.31,1,0
Mita,7,92,618,609.15,95936.95,Weekly,19,6.4,0.74,1,0
Youspan,27,18,557,274.85,869376.78,Daily,33,5.63,0.56,16,0
Jayo,11,81,207,51.0,331556.05,Weekly,17,18.23,0.07,4,0
Meezzy,6,112,81,675.54,685212.72,Monthly,49,4.27,0.13,0,1
Jabberstorm,10,62,567,162.27,244729.72,Monthly,50,12.7,0.7,19,0
Linklinks,28,4,626,25.25,20911.91,Daily,0,1.29,0.02,13,1
Oyoloo,13,102,147,616.59,865188.37,Monthly,15,18.79,0.26,9,1
Wikibox,19,49,556,375.17,602931.53,Weekly,24,20.5,0.66,9,1
Quire,35,85,191,766.45,174701.38,Monthly,32,3.5,0.37,11,1
Edgeify,5,54,724,492.36,129915.97,Weekly,35,12.99,0.77,6,0
Mydeo,31,44,850,858.65,392918.86,Monthly,27,3.26,0.38,5,1
Gigaclub,12,36,612,374.92,754418.39,Daily,28,20.5,0.47,9,1
Yambee,13,29,19,678.55,921174.14,Monthly,47,20.24,0.22,15,0
Photospace,18,113,59,161.58,528325.66,Monthly,18,15.44,0.16,0,0
Abata,1,80,512,319.73,524547.86,Monthly,13,21.58,0.12,6,0
Kwinu,18,32,341,876.21,288512.58,Monthly,48,0.8,0.91,7,1
Twitterbridge,7,74,283,713.7,854488.67,Weekly,25,16.73,0.51,18,0
Roodel,18,69,619,432.39,315560.2,Weekly,10,15.55,0.41,1,1
Topicblab,30,62,733,862.54,861644.66,Daily,26,21.83,0.85,19,1
Zooveo,9,77,788,820.5,613765.05,Weekly,31,5.73,0.67,15,0
Aibox,12,111,969,737.89,565774.95,Weekly,16,23.44,0.26,4,1
Vinte,21,32,806,906.48,543188.28,Monthly,35,16.64,0.05,18,0
Eare,14,34,445,796.33,7301.82,Weekly,6,15.22,0.34,2,1
Mita,32,2,733,166.13,539002.06,Monthly,50,14.22,0.77,10,1
Edgetag,7,102,586,336.25,639671.11,Weekly,44,4.16,0.41,16,0
Browseblab,36,48,277,163.67,437406.19,Monthly,46,4.08,0.31,12,1
Photobean,8,117,893,708.13,443935.65,Monthly,29,18.08,0.25,4,1
Dynabox,19,89,368,30.99,677767.67,Monthly,2,12.6,0.71,5,0
Linkbridge,14,118,271,224.56,627961.38,Weekly,7,1.31,0.52,3,0
Realbuzz,1,33,433,898.73,481833.15,Weekly,38,11.54,0.3,20,1
Photojam,13,116,188,336.7,938212.35,Weekly,47,12.7,0.46,10,0
Rhynyx,16,106,347,595.98,522163.77,Monthly,36,21.49,0.99,16,0
Aimbu,28,41,199,98.71,176357.93,Daily,19,8.98,0.98,16,1
